uuid,slug,name,website,found,num_files,errors
d4816dd3-ce2d-4684-a0fb-f418941ac470,underground-pizza,Underground Pizza,http://www.undergroundpizza.com,1,5,
304bf888-492d-4052-972c-e0307bdd68dc,barracuda,Barracuda,https://www.barracudanewhaven.com/,1,5,
ccfd0dd1-f168-434c-9fa3-b5925a6cdd6a,dim-sum-sam,Dim Sum Sam,https://dimsumsam.us,1,5,
7f7e6909-d9d2-407a-b8b5-5bda018a750c,dunkin,Dunkin',https://locations.dunkindonuts.com/en/ct/new-haven/1179-chapel-st/330640,1,5,
4469db83-e108-4409-91b9-6257e41e7113,manucci-s,Manucci's,www.manuccis.com,1,5,
4e56e676-a2c1-4557-a5ad-4290a1d3c146,ruschmeyer-s,Ruschmeyer's,http://www.kingandgrove.com/Montauk-Hotels/Ruschmeyers,1,1,
73d7d7a1-efce-4a5a-a3db-244453a3ab00,gosman-s-topside,Gosman's Topside,www.gosmans.com/topside.html,1,3,
77484642-c43e-412d-b034-e6ee020415b4,gosman-s-clam-bar,Gosman's Clam Bar,www.gosmans.com/clambar.html,1,3,
c8c7aacd-0082-4ba3-b532-449f461f3212,the-coast,The Coast,https://www.thecoastmontauk.com/,1,5,
93f478a5-57ff-4c87-9c77-52e540132d96,the-point,The Point,https://www.pointbarandgrill.com/,1,1,
7fdf1f60-f25d-4ae8-8c0d-22715185ceef,668-the-gig-shack,668 The Gig Shack,https://www.668thegigshack.com/,1,2,
b37c8255-3c2a-44a1-b5a5-55fc02bc26f8,gosman-s-dock-restaurant,Gosman's Dock Restaurant,www.gosmans.com,1,3,
03f0b066-6f82-4572-a47b-b0ece0e8d7d5,south-edison,South Edison,https://www.southedison.com/,1,2,
069f327b-97c7-49c5-9455-b1b0adc8c10b,wasabi-beach-sushi,Wasabi Beach Sushi,https://wasabibeachsushi.com/,1,3,
0bcda6aa-4184-4975-bbfb-5c41961c1308,gosman-s-inlet-cafe,Gosman's Inlet Cafe,www.gosmans.com/inletcafe.html,1,3,
01be37a6-ea71-47d9-bd36-f8d05290e1d5,o-murphy-s-pub-restaurant,O'Murphy's Pub & Restaurant,http://www.omurphyspub.com/,1,5,
469339d4-b6a6-487a-b4f9-dc7debc7a644,east-by-northeast,East by Northeast,www.eastbynortheast.com,1,1,
6a272138-6d85-47ea-8493-9995df9c72da,mainport-fish-chips,Mainport Fish & Chips,http://www.main-port.com/,1,3,
0f03c32b-67e2-46b4-bb33-bad8a8f28bdd,whoopi,Whoopi,https://www.whoopithaicuisine.com/,1,1,
a0b2102c-935b-4ca4-86b9-792772e566e0,dunkin,Dunkin',https://locations.dunkindonuts.com/en/ct/new-britain/118-e-main-st/306803,1,5,
702b9411-afe6-4fe5-8b44-11a8c1d2c960,dunkin,Dunkin',https://locations.dunkindonuts.com/en/ct/new-britain/130-s-main-st/310120,1,5,
4438bcfa-86f6-42ac-a565-d5902e54688e,pret-a-manger,Pret A Manger,https://www.pret.com/en-us/find-a-pret/857%20broadway,1,5,
df96db04-7420-4ed7-868e-27a082373b88,swallow-east-restaurant,Swallow East Restaurant,https://www.swallowrestaurant.com/,1,5,
188521f1-fd96-4e4f-afda-5a6f88a7861a,acapulco,Acapulco,https://acapulcodeliandrestaurant.com/,1,2,
391e84e8-4f64-4e25-86e8-4e7b0065aeb5,mcdonald-s,McDonald's,https://www.mcdonalds.com/us/en-us/location/3025.html,1,5,
ea44e44d-7f10-41d2-824c-aabe2140a9a0,dunkin,Dunkin',https://locations.dunkindonuts.com/en/ny/east-elmhurst/83-10-astoria-blvd/347893,1,5,
0f49043f-2e91-4d44-b7aa-6e8604e9a6ab,dunkin,Dunkin',https://locations.dunkindonuts.com/en/ny/new-york/266-first-ave/310026,1,5,
aa630815-a27b-4323-9173-7f74f610f31a,dunkin-donuts,Dunkin Donuts,https://locations.dunkindonuts.com/en/ny/long-island-city/30-17-39th-ave/355974,1,5,
fa076169-7c5e-48d5-b219-af706eab232a,dunkin,Dunkin',https://locations.dunkindonuts.com/en/nj/woodbridge/458-amboy-ave/331286,1,5,
a1a00c3a-b1c6-4a9c-a10e-c1c59ed98ee3,domino-s,Domino's,https://pizza.dominos.com/new-jersey/dover/28-w-blackwell-street,1,5,
3bcc9a41-09db-4dc4-a2de-f5e80a60554c,sammy-s,Sammy's,www.sammysmtk.com,0,0,homepage_unavailable:None:None
c40a28f0-df60-479e-92e7-55bc141e31fd,kfc,KFC,https://locations.kfc.com/ny/new-york/242-e-14th-st,1,4,
d24eb010-7625-45a2-a5a5-aca08954fe9f,mcdonald-s,McDonald's,https://www.mcdonalds.com/us/en-us/location/25571.html,1,5,
afbe2b29-bac8-4f60-902a-4e29ca776f57,dunkin-donuts,Dunkin' Donuts,https://locations.dunkindonuts.com/en/nj/tinton-falls/4060a-asbury-ave/340234,1,5,
8aa68171-a79c-4bcb-8538-6612125342e4,popeyes,Popeyes,https://www.popeyes.com/store-locator/store/restaurant_84396,1,5,
959fec97-f88f-441d-9348-c4311bc55e75,domino-s,Domino's,https://pizza.dominos.com/new-york/yonkers/471-mclean-ave,1,5,
b5acde8c-318b-4691-aa63-7cd695eef96b,five-guys,Five Guys,https://order.fiveguys.com/menu/nyc-34th-st,1,5,
d3e6e689-9462-444d-83fa-f64c98453995,mcdonald-s,McDonald's,https://www.mcdonalds.com/us/en-us/location/23405.html,1,5,
6b163581-2587-4411-874c-47049eba766e,mcdonald-s,McDonald's,https://www.mcdonalds.com/us/en-us/location/7762.html,1,5,
13dd7d01-6c46-414f-b674-fe12d6813835,five-guys,Five Guys,https://restaurants.fiveguys.com/2847-broadway,1,4,
b1f93593-a81c-4d99-a908-f94b81cd8f2c,the-sloppy-tuna,The Sloppy Tuna,https://thesloppytuna.com/,1,5,
6e90e620-58dd-4dfe-a21d-9540a0d6e7f6,the-chill-grill,The Chill Grill,http://thechillgrill.com,1,1,
6c4b2891-21cd-4035-ad2b-92e7a7d7c86e,dunkin,Dunkin',https://locations.dunkindonuts.com/en/nj/berkeley-heights/384-springfield-ave/340476,1,5,
93533780-4f89-45f3-bc21-1bcea5a3f157,dunkin,Dunkin',https://locations.dunkindonuts.com/en/nj/stirling/1001-valley-rd/307322,1,5,
23ee424f-20de-4d70-b555-f9b6a2420e95,new-york-burger-co,New York Burger Co,https://www.newyorkburgerco.com,1,1,pdf_exception:https://www.newyorkburgerco.com/s/NYBC_Catering_New_Design-copy-3.pdf:name 'convert_pdf_to_html' is not defined
58a065b3-dcfa-4e5b-9984-7ec0ed17f1a4,dunkin,Dunkin',https://locations.dunkindonuts.com/en/ny/new-york/484-9th-ave/350511,1,5,
12f4dfaa-b317-4c7e-a487-25e384e2e088,the-hampton-maid-raire-breakfast-bar,The Hampton Maid Raire / Breakfast /Bar,https://www.hamptonmaid.com/,1,2,pdf_exception:https://www.hamptonmaid.com/_files/ugd/e2d975_381c12133d444dc6a4f49a1ea4842960.pdf:name 'convert_pdf_to_html' is not defined
3aedc827-7cb5-4a50-b9e0-a096b822635a,burger-king,Burger King,https://www.bk.com/store-locator/store/restaurant_2095,1,5,
3ff5bbde-5d3f-42a8-8046-d56c56d7fefd,dunkin,Dunkin',https://locations.dunkindonuts.com/en/ct/new-haven/51-york-st/302697,1,5,
377c7054-9059-45de-b841-f0b78c6078db,panera-bread,Panera Bread,https://locations.panerabread.com/nj/gillette/977-valley-rd.html,1,5,
a1d14e58-c6ba-4596-87c9-560c88c16cc4,golden-wok,Golden Wok,http://www.chelseagoldenwok.com,1,2,
5abb2405-2d5c-430c-87ba-f4c743b10b5f,red-horse-market,Red Horse Market,https://www.redhorsemarket.com/,1,5,
f4de0e69-61d8-4395-b881-e55ea05fd0ba,chipotle,Chipotle,https://locations.chipotle.com/ny/new-york/149-8th-ave,1,5,
214e06de-9455-4397-95f5-30fe98f3b84a,costa-pizza,Costa Pizza,https://costapizzeria.com/,1,5,pdf_exception:https://costapizzeria.com/wp-content/uploads/2025/09/2024-2025-HTO-Halal-Foodservice-Product-Certificate-Monterey-TN-11507.pdf:name 'convert_pdf_to_html' is not defined
814bb29f-083c-440c-858c-4d6f337f10d3,riko-s-pizza,Riko's Pizza,https://www.rikospizza.com/darien,1,3,
1a4a8564-6215-4050-ae4a-6460fb8b0366,joe-s-pizza,Joe's Pizza,https://www.joespizzaon8th.com,1,2,
7d5ba929-4d5e-4654-9d78-b1ff600f73b7,subway,Subway,https://restaurants.subway.com/united-states/ct/fairfield/2341-black-rock-turnpike,1,5,
10c1b1f3-61a2-44f6-8dd6-e84c6ab6f756,panera-bread,Panera Bread,https://locations.panerabread.com/ct/new-haven/1060-chapel-street.html,1,5,
25c5ce9e-4ce6-41a5-9e43-6ff307200405,jersey-mike-s-subs,Jersey Mike's Subs,https://www.jerseymikes.com/19005/fairfield-ct,1,2,
55a666b2-6094-4dfd-914a-7238d4d622b4,lilac-house,Lilac House,https://www.lilachousect.com,1,1,
b0f42b14-eaed-4710-856f-b9f180f0e09d,dunkin,Dunkin',https://locations.dunkindonuts.com/en/ct/fairfield/1910-black-rock-tpke/308054,1,5,
418df011-c294-42d2-9bff-1b295a91f97a,holy-cow,Holy Cow,https://www.holycow.nyc,1,1,fetch_failed:https://www.holycow.nyc/menu/holy-chicken:404:text/plain;fetch_failed:https://www.holycow.nyc/menu/nutrition-information:404:text/plain
b3cba7f1-1259-4833-b190-0aade9b61617,domino-s,Domino's,https://pizza.dominos.com/new-york/new-york/592-columbus-ave,1,5,
f5dbd9bd-7675-4510-9986-f5201ffcec7a,mcdonald-s,McDonald's,https://www.mcdonalds.com/us/en-us/location/36034.html,1,5,
8254c22b-d8ee-447a-8a1f-6f9b1b09f154,wingstop,Wingstop,https://www.wingstop.com/,1,5,
5f9cab03-8a62-4ca5-81af-cc2be13eaadb,popeyes,Popeyes,https://www.popeyes.com/store-locator/store/restaurant_85434,1,5,
5d2ad6b0-0835-47d9-ad01-e6cdb22f7e9c,dunkin,Dunkin',https://locations.dunkindonuts.com/en/ct/cos-cob/375-east-putnam-avenue/300396,1,5,
9679d892-90e5-4dfd-bd97-a2ed81833489,pizza-suprema,Pizza Suprema,http://www.nypizzasuprema.com,1,2,
e8d5b558-9bbb-4109-a5c7-7f861d7e015e,dunkin,Dunkin',https://locations.dunkindonuts.com/en/nj/newark/newark-intl-airport/346080,1,5,
45891e76-a032-40ae-ae30-903c1547bc8e,kfc,KFC,https://locations.kfc.com/ct/stamford/285-w-main-street/,1,4,
9337ce5d-7bf8-4d09-8016-3ee48727e763,ward-9,Ward 9,https://ward9newhaven.com/,0,0,homepage_unavailable:None:None
4629bc64-594c-43a7-917f-a17df3fd079a,mcdonald-s,McDonald's,https://www.mcdonalds.com/us/en-us/location/33536.html,1,5,
7ada669e-5645-417e-b685-90f4b71f43e9,dunkin,Dunkin',https://locations.dunkindonuts.com/en/ny/new-york/243-9th-ave/344824,1,5,
d1ca170a-37c7-4f1e-a336-92d46775063f,dunkin,Dunkin',https://locations.dunkindonuts.com/en/ct/new-haven/81-church-st/300455,1,5,
6372cf20-651c-4c0f-8114-5cdcf27d509a,cajun-boiled,Cajun Boiled,http://cajunboiledseafoodct.com/,1,5,
2164df20-aa99-41cc-9599-69eec57e727d,havenly,Havenly,https://havenlynhv.org/,1,2,
a988e35b-fb1e-4e34-86e6-aba591fb1b1e,lenwich,Lenwich,https://www.lenwich.com/location/upper-west-83rd-st/,1,3,
905d2524-b070-4345-8661-37933ee91c47,7th-street-burger,7th Street Burger,https://7thstreetburger.com,1,1,
9b99ae66-3b17-40d0-99e3-7d6a27076915,mission-sandwich,Mission Sandwich,https://www.missionsandwich.com/,1,4,
aed6b7ee-0488-42ab-9602-b3858d58e86d,mario-s,Mario's,https://mariospizzaonline.com/,1,5,
5f777b64-998f-4ef3-bc0b-75ec8d0484a9,dunkin-donuts,Dunkin' Donuts,https://locations.dunkindonuts.com/en/ny/plainview/337-south-oyster-bay-rd/340163,1,5,
9ec7c53b-5e61-4ffc-b54b-6e2164192fc8,80-proof-american-kitchen-bar,80 Proof American Kitchen & Bar,https://www.80proofkitchen.com/,1,2,
6378a54c-a81a-4d03-b053-4be97272a004,tikkaway,Tikkaway,https://www.tikkaway.com/,0,0,homepage_unavailable:None:None
d1fc2553-de89-4f13-9146-185e5690606a,goodfellas,Goodfellas,https://www.goodfellasrestaurant.com/,0,0,homepage_unavailable:None:None
c0e03cb4-d930-4453-b14b-9356d9ed9583,dunkin,Dunkin',https://locations.dunkindonuts.com/en/ct/new-haven/50-union-ave/302801,1,5,
22b4ae2a-fb82-486d-885d-9591ce733288,michelina-s-apizza-ristorant,Michelina’s Apizza & Ristoranté,https://michelinasapizza.com/,0,0,homepage_unavailable:None:None
ca012118-2d7c-471e-8367-e3b08fb324ab,edelweiss-deli,Edelweiss Deli,https://www.edelweissdelicatessen.com/,0,0,homepage_unavailable:None:None
ce852d7a-553d-4eb0-9da1-94292fb59534,mcdonald-s,McDonald's,https://www.mcdonalds.com/us/en-us/location/2292.html,1,5,
1db2a2ff-ca6f-4ac5-9490-8379584b1c2f,gotham-pizza,Gotham Pizza,http://www.eatgothampizzanyc.com,0,0,homepage_unavailable:None:None
593b484c-07ce-45d2-9d73-6f09b1057672,attilio-s-pizza,Attilio's Pizza,http://www.attiliospizzanj.com,1,5,
8a817ba7-1eb3-46bf-8a72-f308403be052,aladdin-crown-pizza,Aladdin Crown Pizza,https://www.aladdincrownpizzact.com,1,1,
a0654391-8115-4003-bcc2-5fae844c9ea4,dunkin,Dunkin',https://locations.dunkindonuts.com/en/ny/rego-park/6365-woodhaven-blvd/304484,1,5,
67697655-067c-40e8-878d-f522a1f335df,sky-caf,Sky Café,https://www.skymanorairport.com/sky-cafe.htm,1,1,pdf_exception:https://www.skymanorairport.com/images/cafe/Sky-Cafe-Lunch-Menu.pdf:name 'convert_pdf_to_html' is not defined;pdf_exception:https://www.skymanorairport.com/images/cafe/Sky-Cafe-Breakfast-Menu.pdf:name 'convert_pdf_to_html' is not defined
90a360e5-b37d-4e43-a31f-b87e2b1eb44d,mediterranea,Mediterranea,http://mediterraneanewhaven.com/,0,0,homepage_unavailable:None:None
d13ff452-b349-499c-b320-c39f06609496,soul-de-cuba-cafe,Soul de Cuba Cafe,https://souldecuba.com/pages/locations,1,5,
e6aca742-e473-41f6-a3e4-8229a1670096,barcelona,Barcelona,https://barcelonawinebar.com/location/new-haven/,1,2,pdf_exception:https://barcelonawinebar.com/media/12-5-25-Menu-New-Haven.pdf:name 'convert_pdf_to_html' is not defined;pdf_exception:https://barcelonawinebar.com/media/12-6-25-Brunch-Menu-New-Haven.pdf:name 'convert_pdf_to_html' is not defined;pdf_exception:https://barcelonawinebar.com/media/10-15-25-Bottle-Menu-New-Haven.pdf:name 'convert_pdf_to_html' is not defined;pdf_exception:https://barcelonawinebar.com/media/12-5-25-New-Haven-Happy-Hour.pdf:name 'convert_pdf_to_html' is not defined
c366aeb2-428c-4403-8395-af43fa1c449b,steamed,Steamed,https://www.steamednewhaven.com/,1,3,
179e62b1-0943-4b90-bf5d-632f407d20bb,dunkin,Dunkin',https://locations.dunkindonuts.com/en/nj/pompton-plains/560-route-23/337568,1,5,
15608b05-353d-4745-bb75-63bc3fe1855b,moe-s-southwest-grill,Moe's Southwest Grill,https://locations.moes.com/nj/pompton-plains/500-state-route-23,1,2,
30f101c4-8b80-4501-8100-ac1e22329895,dunkin,Dunkin',https://locations.dunkindonuts.com/en/nj/wayne/1957-route-23-s/345596,1,5,
7d1ce038-2e98-4e1a-99a1-14f61f68a890,five-guys,Five Guys,https://restaurants.fiveguys.com/1610-route-23,1,4,
c9cadcfd-7d72-42b7-a78f-db5c8b662f25,dunkin,Dunkin',https://locations.dunkindonuts.com/en/nj/wayne/1467-route-23/346755,1,5,
7bea959c-06d7-49ff-bfc5-536552f3579e,front-street-bistro,Front Street Bistro,http://frontstreetbistro.com/,1,2,fetch_failed:http://frontstreetbistro.com/wp-content/uploads/2019/10/New-Menu-4.jpg:200:image/jpeg
aba983d1-823c-4dc7-9f33-c9a571917352,panera-bread,Panera Bread,https://locations.panerabread.com/nj/wayne/1619-state-route-23.html,1,5,
a77d99f2-56c4-4aa1-a1db-bb904d6d775f,mcdonald-s,McDonald's,https://www.mcdonalds.com/us/en-us/location/10482.html,1,5,
df4934dc-5071-463b-ac3b-6aef2d727d06,chip-s-pub-iii-restaurant,Chip's Pub III Restaurant,https://chipspub3.com/,1,3,
cca05b32-a1d4-4b90-8be3-634323bedd4d,oak-haven,Oak Haven,http://oakhaventableandbar.com/,1,5,
e6ca6c41-d625-48cf-bb55-aa7520de41f2,dunkin,Dunkin',https://locations.dunkindonuts.com/en/ct/watertown/1174-main-st/300875,1,5,
f8e0129f-cc6f-4f2c-8ff7-39bb04d7b0d9,mcdonald-s,McDonald's,https://www.mcdonalds.com/us/en-us/location/16765.html,1,5,
abbb64b7-4a3d-4c4b-a4a9-c742172de5f9,table-87-coal-oven-pizza,Table 87 Coal Oven Pizza,https://www.table87.com,1,5,
e5db3b74-4f97-4a3d-8e76-602f8ed0db1c,taco-bell,Taco Bell,https://locations.tacobell.com/ct/watertown/1079-main-street.html,1,1,
842837bc-b9b8-410f-8fae-cb83a10293fa,brooklyn-pizza-crew,Brooklyn Pizza Crew,https://pizzacrew.com,1,5,
a8593ee3-0548-4f63-8e96-c15c66dc99a2,subway,Subway,https://restaurants.subway.com/united-states/ct/north-windham/361-boston-post-rd,1,5,fetch_failed:https://subway.com/en-us/restaurant/15245-0/menu/?intcmp=yext-local:owned:order:OrderPickup:fwh-no-value-w2-2020:0:button:0:orderpickup:hu:local-v1&segment_code=0:None:None;fetch_failed:https://subway.com/en-us/restaurant/15245-0/menu/:None:None;fetch_failed:https://subway.com/en-us/restaurant/15245-0/menu?intcmp=yext-local:owned:0:StartOrder:fwh-no-value-w2-2020:0:button:0:startorder:tn:local-v1&segment_code=0:None:None;fetch_failed:https://www.subway.com/en-us/menunutrition/menu:None:None;fetch_failed:https://www.subway.com/en-US/MenuNutrition/Nutrition/NutritionGrid:None:None;fetch_failed:https://www.subway.com/en-US/MenuNutrition/Menu:None:None;fetch_failed:https://www.subway.com/en-US/MenuNutrition/Nutrition:None:None
9978155d-2188-41c1-beec-9105ba4aa4e7,yubu,Yubu,http://yubu.nyc,1,5,
28152fa2-f615-41f7-b2fe-602b072b4e62,wonder,Wonder,https://www.wonder.com/food-delivery-locations/east-village,1,5,
97a2413d-2eda-4608-9953-d6d9b28e8ac2,dos-toros-taqueria,Dos Toros Taqueria,https://www.dostoros.com/locations/new-york#downtown-brooklyn,1,2,
947cb5ea-e410-489d-9ad8-6bed3c9c8ce3,baby-luc-s,Baby Luc's,https://www.babylucs.com,1,3,
6cfe19a7-c100-4732-880a-b5bb7734c61c,dunkin-donuts-baskin-robbins,Dunkin' Donuts/Baskin Robbins,https://locations.dunkindonuts.com/en/ny/brooklyn/383-court-st/343028,1,5,
8fb02e7e-e9b4-4623-9a89-27ac393a9c8b,620-on-caton-pizzeria,620 On Caton Pizzeria,http://catonpizzeria.com,0,0,homepage_unavailable:None:None
d9cbaa35-cfd5-4fb4-adc6-3d24982ade23,panda-express,Panda Express,https://www.pandaexpress.com/locations/ny/brooklyn/2614,1,5,
ca85fee2-1826-4eaa-9baa-fc0dd9f7a254,taco-madre,Taco Madre,https://www.thetacomadre.com/location/brooklyn-ny/,1,5,
8fc20085-a2a9-48b7-89ed-edd0a3b11906,five-guys,Five Guys,https://restaurants.fiveguys.com/7-scotch-road,1,4,
822e6f5d-f100-4a67-a073-583060dffe52,bobbi-s-italian-beef,Bobbi's Italian Beef,https://bobbisitalianbeef.com,1,2,
e7c0e065-b4e9-4c8a-a454-b77771e7591d,screamer-s-pizzeria,Screamer's Pizzeria,https://www.screamerspizzeria.com/,1,5,
7ce57c7a-1432-4ba4-9566-5cce0afcc2b4,five-guys,Five Guys,https://restaurants.fiveguys.com/10-westage-drive,1,4,
591d9515-b4be-48d0-a14f-3a4c20c28ab9,dunkin,Dunkin',https://locations.dunkindonuts.com/en/ny/forest-hills/100-05-queens-blvd/344421,1,5,
80a05f8b-189b-446c-8cdc-289c9467644c,mcdonald-s,McDonald's,https://www.mcdonalds.com/us/en-us/location/2012.html,1,5,
22c4fa23-7c8f-4476-a462-396294dff2bb,dunkin-donuts,Dunkin' Donuts,https://locations.dunkindonuts.com/en/nj/tinton-falls/596-shrewsbury-ave/341523,1,5,
7603c776-0c9d-4113-bd6f-dc59a9247761,subway,Subway,https://restaurants.subway.com/united-states/ct/new-haven/66-york-st,1,5,fetch_failed:https://subway.com/en-us/restaurant/807-0/menu?intcmp=yext-local:owned:order:OrderPickup:fwh-no-value-w2-2020:0:button:0:orderpickup:hu:local-v1&segment_code=0:None:None;fetch_failed:https://subway.com/en-us/restaurant/807-0/menu:None:None;fetch_failed:https://subway.com/en-us/restaurant/807-0/menu?intcmp=yext-local:owned:0:StartOrder:fwh-no-value-w2-2020:0:button:0:startorder:tn:local-v1&segment_code=0:None:None;fetch_failed:https://www.subway.com/en-us/menunutrition/menu:None:None;fetch_failed:https://www.subway.com/en-US/MenuNutrition/Nutrition/NutritionGrid:None:None;fetch_failed:https://www.subway.com/en-US/MenuNutrition/Menu:None:None;fetch_failed:https://www.subway.com/en-US/MenuNutrition/Nutrition:None:None
48ceb729-fa86-48ac-a7db-511b86066ed7,singas-famous-pizza,Singas Famous Pizza,https://www.singaspizzas.com/,1,5,
0b62cf7b-908c-4a1d-9f86-fd58f6895b8b,wendy-s,Wendy's,https://locations.wendys.com/united-states/nj/tinton-falls/600-shrewsbury-ave,1,1,
80631eb5-c96e-4068-b5f3-6021abad4770,butterfields,Butterfields,https://www.butterfieldsrestaurant.biz/,1,2,
231ca200-2d9a-4ddd-8bc6-fcb3688b011d,krispy-kreme,Krispy Kreme,https://site.krispykreme.com/ny/queens/22-02-31st-st,1,2,
ba8054ad-613b-4847-9ab6-fc81f2683e37,wichcraft,'wichcraft,http://wichcraftnyc.com/,0,0,homepage_unavailable:None:None
567642e9-08f1-4ea4-a6e6-0a45685fd258,banhmigos,Banhmigos,https://banhmigoscourtst.com,1,3,
c82e1197-fa6e-4ae1-a0ce-73bf65fdf754,dunkin-donuts-baskin-robbins,Dunkin' Donuts/Baskin Robbins,https://locations.dunkindonuts.com/en/ny/brooklyn/148-smith-st/338221,1,5,
bd70e68c-fdda-46c0-98f4-44501f3455bd,jollibee,Jollibee,https://locations.jollibeefoods.com/usa/ny/queens/6229-roosevelt-ave,1,4,
2974caee-7d5e-49d9-9281-c20dd029416f,dunkin,Dunkin',https://locations.dunkindonuts.com/en/ny/new-york/2600-broadway/364122,1,5,
28176318-b2e9-4e0b-b867-3b5529f21701,burger-king,Burger King,https://www.bk.com/store-locator/store/restaurant_326,1,5,
e89fceff-89c6-420c-a911-478419ae15e4,prime-16,Prime 16,https://prime16.com/,1,5,
aba7cab2-a45f-4b44-a6bb-2d75bdb46159,subway,Subway,https://restaurants.subway.com/united-states/ny/kings-park/56-main-st,1,5,fetch_failed:https://subway.com/en-us/restaurant/25936-0/menu?intcmp=yext-local:owned:order:OrderPickup:fwh-no-value-w2-2020:0:button:0:orderpickup:hu:local-v1&segment_code=0:None:None;fetch_failed:https://subway.com/en-us/restaurant/25936-0/menu:None:None;fetch_failed:https://subway.com/en-us/restaurant/25936-0/menu?intcmp=yext-local:owned:0:StartOrder:fwh-no-value-w2-2020:0:button:0:startorder:tn:local-v1&segment_code=0:None:None;fetch_failed:https://www.subway.com/en-us/menunutrition/menu:None:None;fetch_failed:https://www.subway.com/en-US/MenuNutrition/Nutrition/NutritionGrid:None:None;fetch_failed:https://www.subway.com/en-US/MenuNutrition/Menu:None:None;fetch_failed:https://www.subway.com/en-US/MenuNutrition/Nutrition:None:None
55da13b0-e314-41e5-946b-cbeea4e9f063,tap-nyc,Tap NYC,https://www.eattap.co,1,1,pdf_exception:https://www.eattap.co/_files/ugd/e5b7cb_847c2c0a495c41968e7ccecf170dde99.pdf:name 'convert_pdf_to_html' is not defined
6660bac5-9134-49aa-8190-f683bc21fa32,chipotle,Chipotle,https://locations.chipotle.com/ny/new-york/2298-broadway,1,5,
e5aa78f5-4e65-406b-98cf-ac7ecc3b7146,mcdonald-s,McDonald's,https://www.mcdonalds.com/us/en-us/location/2659.html,1,5,
f1943c0a-8e12-4fa3-9556-ec9937af4e33,compadres,Compadres,https://compadresrestaurant.com/,1,3,
a7d91e7b-f4f0-409a-aecd-779fdb497bbd,tio-pio,Tio Pio,https://www.tiopioinc.com,0,0,homepage_unavailable:None:None
4aafe68c-333c-4f38-957d-f7317d9989bc,mcdonald-s,McDonald's,https://www.mcdonalds.com/us/en-us/location/ny/brooklyn/2797-linden-blvd/2595.html,1,5,
eb0517fc-eb00-48e2-a132-090087c6d0b2,mcdonald-s,McDonald's,https://www.mcdonalds.com/us/en-us/location/27388.html,1,5,
839792a2-775d-482d-982b-8f0062311b6b,lenwich,Lenwich,https://www.lenwich.com/location/union-square-13th-st/,1,3,
fd42d767-8e3a-44c5-85bd-544b700bd70b,dunkin,Dunkin',https://locations.dunkindonuts.com/en/ny/glen-oaks/25609-union-turnpike/339910,1,5,
fb560427-3061-42d7-8f49-1f5e3ae79ba5,mcdonald-s,McDonald's,https://www.mcdonalds.com/us/en-us/location/13064.html,1,5,
3c80fc80-2221-4f6b-bf64-f990dba199a6,taco-bell,Taco Bell,https://locations.tacobell.com/ny/new-york/104-3rd-ave.html,1,1,
37d4bbb7-21e9-486a-9a85-3fe8ae2940a3,domino-s,Domino's,https://pizza.dominos.com/new-york/new-york/440-e-14th-st/,1,3,
d2c66bcf-baf4-49f8-a994-330788c4e1d2,luigi-s-pizza,Luigi's Pizza,http://luigispizzabrooklyn.com,1,1,fetch_failed:tel:7184993857:None:None
414a0b26-43f5-4208-a01e-026b05b67ef7,popeyes,Popeyes,https://locations.popeyes.com/ny/brooklyn/722-flatbush-ave,0,0,homepage_unavailable:None:None
c220a780-5a95-410e-8a04-5b878b7db646,panera-bread,Panera Bread,https://www.panerabread.com/en-us/cafe/locations/ny/new-york/110-university-place,1,5,
36ce826f-3425-480c-a492-60fdf171b271,fruitango-juice-bar,Fruitango Juice Bar,https://www.frutangojuicebar.com,1,2,
101f6aeb-3b99-41b5-9f93-4886aff77ebe,errol-s-caribbean-delights,Errol's Caribbean Delights,https://www.errolscaribbean.com,1,5,
587ca253-23e4-4d63-bb28-5ab04a76bd20,subway,Subway,https://restaurants.subway.com/united-states/ct/new-haven/50-union-ave,1,5,fetch_failed:https://subway.com/en-us/restaurant/20057-0/menu/?intcmp=yext-local:owned:order:OrderPickup:fwh-no-value-w2-2020:0:button:0:orderpickup:hu:local-v1&segment_code=0:None:None;fetch_failed:https://subway.com/en-us/restaurant/20057-0/menu/:None:None;fetch_failed:https://subway.com/en-us/restaurant/20057-0/menu?intcmp=yext-local:owned:0:StartOrder:fwh-no-value-w2-2020:0:button:0:startorder:tn:local-v1&segment_code=0:None:None;fetch_failed:https://www.subway.com/en-us/menunutrition/menu:None:None;fetch_failed:https://subway.com/en-US/restaurant/20057-0/menu/category/1?intcmp=yext-local:owned:0:Breakfast:fwh-no-value-w2-2020:0:link:0:breakfast:c1u2:local-v1&segment_code=0:None:None;fetch_failed:https://www.subway.com/en-US/MenuNutrition/Nutrition/NutritionGrid:None:None;fetch_failed:https://www.subway.com/en-US/MenuNutrition/Menu:None:None;fetch_failed:https://www.subway.com/en-US/MenuNutrition/Nutrition:None:None
d971524c-b7e1-4eec-9cc7-318b7449824a,psta,Psta,https://pstanyc.com,1,1,
373486ad-e8bb-4c3d-b6c2-30ad8c4c2a7c,profit,Profit,https://www.profitchinese.com,1,5,
bfaf0605-5f8d-4620-bed9-bb3c9bce1d86,kotti-berliner,Kotti Berliner,https://kottidoner.com,1,3,
6a6238a2-34c3-4112-b7d8-00d2e0a47357,giardini-pizza,Giardini Pizza,https://www.giardinipizza.com,1,2,
fdcf6721-0232-449e-a715-4895e664c7d0,maya-taqueria,Maya Taqueria,https://www.mayataqueria.com,1,5,
e6384591-9b14-4bbb-b250-393a9f1790da,chick-fil-a,Chick-fil-A,https://www.chick-fil-a.com/locations/ny/flatbush-and-atlantic-in-line,1,5,
8bba5fa3-cdf9-4bee-930d-9179a873b788,harlem-shake,Harlem Shake,https://harlemshake.com/,1,2,pdf_exception:https://harlemshake.com/wp-content/uploads/2024/02/Harlem-Shake-in-House-Menu-2024.pdf:name 'convert_pdf_to_html' is not defined
b43e89c5-abfb-4a79-a14e-9135ca62447d,t-swirl-crepe,T-Swirl Crepe,https://t-swirlcrepe.com,1,2,
081454f3-7886-429c-9994-8c12153c3cd1,tex-s-chicken-burgers,Tex's Chicken & Burgers,https://eattexs.com/locations/5219-5th-ave-brooklyn-ny-11220,1,5,
b4d64dbe-dd1b-4981-9cca-5114298a2058,spudz-slope,Spudz Slope,https://spudzslope.getsauce.com,1,3,
102d29f7-34cf-43a4-aad1-abf53fd73051,shake-shack,Shake Shack,https://www.shakeshack.com/location/flatbush-ave-brooklyn,1,5,
2c3eb3e6-894d-46c8-9565-dbf497a75109,subway,Subway,https://restaurants.subway.com/united-states/ct/new-haven/50-whitney-ave,1,5,fetch_failed:https://subway.com/en-us/restaurant/2920-0/menu/?intcmp=yext-local:owned:order:OrderPickup:fwh-no-value-w2-2020:0:button:0:orderpickup:hu:local-v1&segment_code=0:None:None;fetch_failed:https://subway.com/en-us/restaurant/2920-0/menu/:None:None;fetch_failed:https://subway.com/en-us/restaurant/2920-0/menu?intcmp=yext-local:owned:0:StartOrder:fwh-no-value-w2-2020:0:button:0:startorder:tn:local-v1&segment_code=0:None:None;fetch_failed:https://www.subway.com/en-us/menunutrition/menu:None:None;fetch_failed:https://subway.com/en-US/restaurant/2920-0/menu/category/1?intcmp=yext-local:owned:0:Breakfast:fwh-no-value-w2-2020:0:link:0:breakfast:c1u2:local-v1&segment_code=0:None:None;fetch_failed:https://www.subway.com/en-US/MenuNutrition/Nutrition/NutritionGrid:None:None;fetch_failed:https://www.subway.com/en-US/MenuNutrition/Menu:None:None;fetch_failed:https://www.subway.com/en-US/MenuNutrition/Nutrition:None:None
d06ce820-bd73-4f7d-b9e1-8da929a0ca5b,halal-dynasty,Halal Dynasty,https://www.halaldynastyjamaica.com/,1,4,
b02034be-cb99-4f2b-8cf1-95bf9fdbcc22,dunkin,Dunkin',https://locations.dunkindonuts.com/en/ny/new-york/166-w-72nd-st/355205,1,5,
b59e0aed-44a6-4a24-9b10-456c4559df6b,papa-john-s,Papa John's,https://locations.papajohns.com/united-states/ny/11216/brooklyn/1257-fulton-street,1,5,
8a6dcbea-d02d-42c6-a05c-97e71c9946f0,sakura-tokyo,Sakura Tokyo,https://www.sakuratokyony.com,1,3,
61d40046-4392-44f7-813e-eceda326e040,chun-vegetarian,Chun Vegetarian,https://www.chunvegetarian.com,1,5,
f990f21c-3bcc-40b6-ab6e-f3058cf46c7a,daily-dose-juice-bar-caf,Daily Dose Juice Bar & Café,https://dailydosecafenyc.com,1,3,fetch_failed:https://dailydosecafenyc-com.preview-domain.com/menu/:None:None;fetch_failed:https://dailydosecafenyc-com.preview-domain.com/order-location/:None:None
d783dff6-5185-459c-bcef-1d5554964570,wholesome-bites,Wholesome Bites,https://www.wholesomebitesny.com,0,0,homepage_unavailable:None:None
45bd984f-e4bc-4a2a-ae91-6ade817d5268,brooklyn-italian-heroes,Brooklyn Italian Heroes,https://brooklynitalianheroes3.com/,1,4,
854a23cd-4727-4bd5-b605-7370bd255be6,bowl-me-up,Bowl Me Up,https://www.bowlmeup.com/,1,5,
2ea3a611-38af-4ead-ba18-72a4a7adcd3a,popeyes,Popeyes,https://www.popeyes.com/store-locator/store/restaurant_237299,1,5,
4ea02b9d-b2f5-4633-b8a2-b5cf870e2ee3,sagar,Sagar,https://www.sagarfood.com,1,5,
42d6901f-8006-4f63-9a47-31e515f80fc4,mcdonald-s,McDonald's,https://www.mcdonalds.com/us/en-us/location/3162.html,1,5,
a73d97c0-1618-42b9-bc93-12990d4d9be2,dunkin,Dunkin',https://locations.dunkindonuts.com/en/ny/brooklyn/8924-third-ave/348148,1,5,
c5d1ee47-e500-4886-b7b7-78a740a4fc0f,nature-s-grill,Nature's Grill,https://www.naturesgrillcafe.com/bay-ridge,1,2,blocked_by_robots:https://naturesgrill.mobilebytes.com/
fbbce964-3492-4d73-8da3-298afbed3c09,taco-bell-cantina,Taco Bell Cantina,https://locations.tacobell.com/ny/brooklyn/1047-surf-ave.html,1,1,
9a9d2743-0f37-498e-9223-9bccdae8cc2d,hawaii-poke-one,Hawaii Poke One,https://hawaiipokeone.com,0,0,homepage_unavailable:None:None
f2eb89cf-9b80-4fcb-a236-a1b8da184f91,tex-s-chicken-burgers,Tex's Chicken & Burgers,https://eattexs.com/locations/1201-surf-ave-brooklyn-ny-11224,1,5,
f70ed4f4-5146-46b4-b0e4-7ae7c39da9dc,domino-s,Domino's,https://pizza.dominos.com/new-york/fresh-meadows/188-07-union-turnpike,1,5,
64610d3a-95e9-43f0-aba9-5a7f227e39c9,artichoke-basille-s-pizza,Artichoke Basille's Pizza,https://www.artichokepizza.com/location/artichoke-basille-pizza-bay-ridge/,1,5,
a4ca4709-7604-4c24-aa74-3dfbce8c435f,taco-bell,Taco Bell,https://locations.tacobell.com/ny/brooklyn/8625-4th-ave-.html,1,1,
72ce4edd-5804-490c-a176-c7d2beb20f65,subway,Subway,https://restaurants.subway.com/united-states/ny/brooklyn/400-myrtle-ave,1,5,fetch_failed:https://subway.com/en-us/restaurant/33019-0/menu?intcmp=yext-local:owned:order:OrderPickup:fwh-no-value-w2-2020:0:button:0:orderpickup:hu:local-v1&segment_code=0:None:None;fetch_failed:https://subway.com/en-us/restaurant/33019-0/menu:None:None;fetch_failed:https://subway.com/en-us/restaurant/33019-0/menu?intcmp=yext-local:owned:0:StartOrder:fwh-no-value-w2-2020:0:button:0:startorder:tn:local-v1&segment_code=0:None:None;fetch_failed:https://www.subway.com/en-us/menunutrition/menu:None:None;fetch_failed:https://subway.com/en-US/restaurant/33019-0/menu/category/1?intcmp=yext-local:owned:0:Breakfast:fwh-no-value-w2-2020:0:link:0:breakfast:c1u2:local-v1&segment_code=0:None:None;fetch_failed:https://www.subway.com/en-US/MenuNutrition/Nutrition/NutritionGrid:None:None;fetch_failed:https://www.subway.com/en-US/MenuNutrition/Menu:None:None;fetch_failed:https://www.subway.com/en-US/MenuNutrition/Nutrition:None:None
05988c4c-68e4-4891-99cc-1d1f20d8ab25,bagel-boy,Bagel Boy,https://bagelboyonline.com,1,4,
77ca5aec-db26-449d-9162-dcaa1d816c2f,five-guys,Five Guys,https://restaurants.fiveguys.com/6122-188th-street,1,4,
d5d04ee6-b998-47a4-a7b4-4651792b1ec4,koyla-pizza-grill,Koyla Pizza & Grill,https://www.pizzahouse1.com,0,0,homepage_unavailable:None:None
025408de-4686-491a-a816-14d5e47cd8f2,qdoba,Qdoba,https://locations.qdoba.com/us/ny/fresh-meadows/61-40-188th-st.html,1,3,pdf_exception:https://assets.ctfassets.net/0tc4847zqy12/3aQSztpTGxqCSw0S8569Rq/044911acba99c3afbe58f743668baec1/Our-Menu-QDOBA-Mexican-Eats-Take-Out-Menu.pdf:name 'convert_pdf_to_html' is not defined
beb37a35-66d2-4d51-ba19-0f5447497f3c,wonder,Wonder,https://www.wonder.com/food-delivery-locations/bay-ridge,1,5,
6d4661c0-c31d-45c2-9b86-56656a70cfa5,tex-s-chicken-burgers,Tex's Chicken & Burgers,https://eattexs.com/locations/ny/brooklyn/203-neptune-ave,1,5,
5b14c1ef-8f2d-4c03-86c1-6931a2008b88,popeyes,Popeyes,https://locations.popeyes.com/ny/new-york/125-canal-st,0,0,homepage_unavailable:None:None
c2c24b79-4263-42b9-88d1-9665f0260139,taim-mediterranean-kitchen,Taim Mediterranean Kitchen,https://taimkitchen.com,1,2,pdf_exception:https://cdn.shopify.com/s/files/1/0639/7191/8052/files/taim_website_menu_NY_061725.pdf?v=1750425084:name 'convert_pdf_to_html' is not defined
89cbf044-7fc7-4f36-9dc6-a9394f1b97af,dunkin,Dunkin',https://locations.dunkindonuts.com/en/ny/brooklyn/1422-kings-hwy/304397,1,5,
81758c13-f25e-4c74-8492-70ce35a22f76,dunkin,Dunkin',https://locations.dunkindonuts.com/en/ny/new-york/303-canal-st/355206,1,5,
e3b3d52b-eedd-43f9-b4de-13a8bd1d3f63,dunkin,Dunkin',https://locations.dunkindonuts.com/en/ny/brooklyn/179-avenue-u/363517,1,5,
4448ee28-cabd-4056-86c8-7bb63e2ba5b5,knapp-pizza-ii,Knapp Pizza II,https://www.knapppizza2ofbrooklyn.com/,1,2,
2d825f27-1b42-46d7-b2a0-dbdeb7256016,dunkin,Dunkin',https://locations.dunkindonuts.com/en/ny/new-york/471-lexington-ave/353428,1,5,
6978a4dc-02f6-48b8-93bf-b5ab043852ca,popeyes,Popeyes,https://www.popeyes.com/store-locator/store/restaurant_240026,1,5,
470d0c12-4906-444a-872d-4c8f1e6f16aa,j-v-pizza,J & V PIZZA,http://jvpizza.com/,1,2,
b0cc496d-5082-4731-82f7-4eae1ea7868d,subway,Subway,https://restaurants.subway.com/united-states/nj/pennington/1-tree-farm-rd,1,5,fetch_failed:https://subway.com/en-us/restaurant/45044-0/menu?intcmp=yext-local:owned:order:OrderPickup:fwh-no-value-w2-2020:0:button:0:orderpickup:hu:local-v1&segment_code=0:None:None;fetch_failed:https://subway.com/en-us/restaurant/45044-0/menu:None:None;fetch_failed:https://subway.com/en-us/restaurant/45044-0/menu?intcmp=yext-local:owned:0:StartOrder:fwh-no-value-w2-2020:0:button:0:startorder:tn:local-v1&segment_code=0:None:None;fetch_failed:https://www.subway.com/en-us/menunutrition/menu:None:None;fetch_failed:https://www.subway.com/en-US/MenuNutrition/Nutrition/NutritionGrid:None:None;fetch_failed:https://www.subway.com/en-US/MenuNutrition/Menu:None:None;fetch_failed:https://www.subway.com/en-US/MenuNutrition/Nutrition:None:None
02b339f4-af49-4a56-8f65-4ad17ef19999,cafe-con-pan,Cafe Con Pan,http://cafeconpanny.com,1,2,
4d5a19d1-dbb7-4651-af1a-15ddb3f5628c,dunkin-donuts-baskin-robbins,Dunkin' Donuts/Baskin Robbins,https://locations.dunkindonuts.com/en/ny/brooklyn/5510-5th-ave/350524,1,5,
8dd8f749-8610-486f-be3e-ea1c41922d80,burger-king,Burger King,https://www.bk.com/store-locator/store/restaurant_750,1,5,
a91dc58c-c700-408b-af44-8fdff990790e,hawaiian-fried-wings,Hawaiian Fried Wings,https://www.hawaiianfriedwings.com,1,2,
b158d170-0ea5-49c2-a5c9-c6f6d1ef122b,antojitos-bk,Antojitos BK,https://antojitosbkbrooklyn.com,1,2,
1f1a9347-6f1e-4790-b5f1-28eb42caa8b8,j-san-sushi,J San Sushi,https://www.jsansushi6807.com,0,0,homepage_unavailable:None:None
dc76e570-b939-4b82-8c27-6ab59907ee68,third-ave-pizza-place,Third Ave. Pizza Place,https://thirdavepizza.com,0,0,homepage_unavailable:None:None
443fe3a6-7b42-47ff-9111-9b58a202b37d,domino-s,Domino's,https://pizza.dominos.com/new-york/brooklyn/3901-4th-ave,1,5,
3d4f64ed-150d-49f8-9e44-0aa1f53dd664,dunkin,Dunkin',https://locations.dunkindonuts.com/en/ny/brooklyn/3921-5th-ave/353276,1,5,
85d7dd6d-000a-412f-ae19-4be5c5f96264,yummy-taco,Yummy Taco,https://www.yummytacobrooklyn.com,1,3,
740fcfb9-bc97-4556-b490-1a3b96510ef7,domino-s,Domino's,https://pizza.dominos.com/new-york/brooklyn/554-5th-ave,1,5,
8706b07d-1317-4473-8774-334b93e44aa2,ocean-eats,Ocean Eats,https://oceaneatsbk.com,1,3,
6b5b96bb-4436-4b7f-b64a-98fc37816e9d,dunkin,Dunkin',https://locations.dunkindonuts.com/en/ny/new-york/542-e-14th-st/352393,1,5,
3196bfe3-0684-4061-89a9-7e3edd40d2d4,dunkin,Dunkin',https://locations.dunkindonuts.com/en/ny/new-york/111-central-park-north/350617,1,5,
13be249c-2d0c-43a7-a4dd-52f25508ce94,j-s-kitchen-new-york,J's Kitchen New York,https://jskitchen.nyc,1,5,pdf_exception:https://jskitchen.nyc/common/pdf/menu.pdf:name 'convert_pdf_to_html' is not defined
6f42782e-d5b9-457c-aa5b-f3e333663f3b,harlem-shake,Harlem Shake,http://www.harlemshakenyc.com/,1,2,pdf_exception:https://harlemshake.com/wp-content/uploads/2024/02/Harlem-Shake-in-House-Menu-2024.pdf:name 'convert_pdf_to_html' is not defined
d774f81c-ed8d-4a1a-af53-a205f2224e4f,popeyes,Popeyes,https://www.popeyes.com/store-locator/store/restaurant_83989,1,5,
6d04b96a-cbb9-4e4a-9316-a61839c9267a,all-antico-vinaio,All'Antico Vinaio,https://www.allanticovinaionyc.com/,0,0,homepage_unavailable:None:None
965d18c3-e3ac-4e3b-af0f-56f449539865,black-burger,Black Burger,https://blackburger.co/,1,3,
8e9b6e80-a017-45fe-991a-351782f773d7,taco-bell,Taco Bell,https://locations.tacobell.com/ny/new-york/230-varick-street.html,1,1,
ba5be496-6343-4b14-bdeb-b61321839290,ba-al-cafe-falafel,Ba‘al Cafe & Falafel,https://www.baalfalafel.com,1,4,fetch_failed:https://www.doordash.com/store/baal-cafe-new-york-698402/984766/?pickup=true&rwg_token=ACgRB3eQX3jtsFY7p_fFYHwvKcJskbtnH-d1kiZLfYh0_Zb6nETCJLTQAJy06sDV7I6vNeI4qOrjYAj9vFbSX0TOL8xvqbBnXg==&utm_campaign=gpa:None:None
73131c5f-52b4-46e3-ba75-fdc8e3215fd8,mcdonald-s,McDonald's,https://www.mcdonalds.com/us/en-us/location/23318.html,1,5,
b005dbba-56c7-4189-91aa-d7aa2c351580,five-guys,Five Guys,https://restaurants.fiveguys.com/296-bleecker-st,1,4,
fc670d0c-a201-4ab0-9dea-407e35906833,papa-john-s,Papa John's,https://locations.papajohns.com/united-states/ny/11229/brooklyn/3528-nostrand-ave,1,5,
62858f2b-7784-47ec-8f1e-13311d7fa46c,the-luke-brasserie,The Luke Brasserie,https://www.thelukebrasserie.com/,1,2,
c7d35fd2-6caf-4494-add7-9cdd27b27b97,7j-s-lucky,7J's Lucky,https://7-js-lucky.business.site/,1,5,
ec3e8dd3-9a06-4501-b765-e293f033ecb4,dunkin,Dunkin',https://locations.dunkindonuts.com/en/ny/brooklyn/2501-avenue-u/349734,1,5,
6ccc4404-5e1f-42eb-b2dd-2a3064e065e2,dunkin-donuts,Dunkin' Donuts,https://locations.dunkindonuts.com/en/ny/brooklyn/1903-kings-hwy/344544,1,5,
f6d41735-3b16-46bf-9ecd-27a61d3386ef,dunkin,Dunkin',https://locations.dunkindonuts.com/en/ny/brooklyn/10-newkirk-plaza/340157,1,5,
e3252ed6-7374-4ed5-8e08-138d4e6390fe,taco-bell-cantina,Taco Bell Cantina,https://locations.tacobell.com/ny/brooklyn/1034-flatbush-ave.html,1,1,
f72898ef-8f2b-4ed1-8470-e3d4b1dd7f52,dunkin,Dunkin',https://locations.dunkindonuts.com/en/ny/brooklyn/2344-flatbush-ave/342887,1,5,
aa8f0669-4249-4c5f-ab03-a174e372f659,no-1-restaurant,No. 1 Restaurant,https://www.numberonebrooklyn.com,1,3,
b60714c0-10ac-45ce-8c81-b442cf64b42a,warude,Warude,https://www.warude.com,1,2,
79f8159c-45fd-4570-8c9b-782d02a538dd,dunkin,Dunkin',https://locations.dunkindonuts.com/en/ny/brooklyn/1151-fulton-st/351216,1,5,
2dd20ebf-a7dc-4b9d-a9ac-c395c52c349e,dunkin,Dunkin',https://locations.dunkindonuts.com/en/ny/brooklyn/506-clarkson-ave/361816,1,5,
def76235-9022-47c7-822e-a9b605b35950,popeyes,Popeyes,https://www.popeyes.com/store-locator/store/restaurant_84546,1,5,
5dcbab38-e383-47bd-9dd1-7864105d1a35,subway,Subway,https://restaurants.subway.com/united-states/ny/jamaica/168-14-hillside-ave,1,5,fetch_failed:https://subway.com/en-us/restaurant/24472-0/menu?intcmp=yext-local:owned:order:OrderPickup:fwh-no-value-w2-2020:0:button:0:orderpickup:hu:local-v1&segment_code=0:None:None;fetch_failed:https://subway.com/en-us/restaurant/24472-0/menu:None:None;fetch_failed:https://subway.com/en-us/restaurant/24472-0/menu?intcmp=yext-local:owned:0:StartOrder:fwh-no-value-w2-2020:0:button:0:startorder:tn:local-v1&segment_code=0:None:None;fetch_failed:https://www.subway.com/en-us/menunutrition/menu:None:None;fetch_failed:https://subway.com/en-US/restaurant/24472-0/menu/category/1?intcmp=yext-local:owned:0:Breakfast:fwh-no-value-w2-2020:0:link:0:breakfast:c1u2:local-v1&segment_code=0:None:None;fetch_failed:https://www.subway.com/en-US/MenuNutrition/Nutrition/NutritionGrid:None:None;fetch_failed:https://www.subway.com/en-US/MenuNutrition/Menu:None:None;fetch_failed:https://www.subway.com/en-US/MenuNutrition/Nutrition:None:None
4e6d941d-605d-4cad-bdca-e4a5960db44c,mockingbird,Mockingbird,https://www.mockingbirdnyc.com,0,0,homepage_unavailable:None:None
4bdca0f8-d0e8-4dab-9271-a9630b1f5fb6,three-star-juice-lounge,Three Star Juice Lounge,https://www.threestarjuicelounge.com,1,5,
47f3f057-0339-415a-9cbd-038332ce0406,domino-s,Domino's,https://pizza.dominos.com/new-york/brooklyn/954-nostrand-ave/,1,5,
4bafa928-2f5c-425f-8648-cdb42e89d065,subway,Subway,https://restaurants.subway.com/united-states/ny/brooklyn/1864-86th-street,1,5,fetch_failed:https://subway.com/en-us/restaurant/54032-0/menu?intcmp=yext-local:owned:order:OrderPickup:fwh-no-value-w2-2020:0:button:0:orderpickup:hu:local-v1&segment_code=0:None:None;fetch_failed:https://subway.com/en-us/restaurant/54032-0/menu:None:None;fetch_failed:https://subway.com/en-us/restaurant/54032-0/menu?intcmp=yext-local:owned:0:StartOrder:fwh-no-value-w2-2020:0:button:0:startorder:tn:local-v1&segment_code=0:None:None;fetch_failed:https://www.subway.com/en-us/menunutrition/menu:None:None;fetch_failed:https://www.subway.com/en-US/MenuNutrition/Nutrition/NutritionGrid:None:None;fetch_failed:https://www.subway.com/en-US/MenuNutrition/Menu:None:None;fetch_failed:https://www.subway.com/en-US/MenuNutrition/Nutrition:None:None
bbe69a8f-1665-400c-b120-d5ec25366b2a,dunkin,Dunkin',https://locations.dunkindonuts.com/en/ny/brooklyn/1671-bedford-ave/354250,1,5,
bd95397c-66f1-455b-997e-78c49bb4912c,dunkin,Dunkin',https://locations.dunkindonuts.com/en/ny/brooklyn/806-franklin-ave/353640,0,0,homepage_unavailable:404:text/plain
a21d91c4-2c5e-4faa-bdf5-9f690dde9dec,billy-s-pizza-pasta,Billy's Pizza & Pasta,https://www.billyspizzany.com,1,2,
880195d1-7ca1-4a4e-939d-27dc555368df,subway,Subway,https://restaurants.subway.com/united-states/ct/new-haven/193-whalley-ave,1,5,fetch_failed:https://subway.com/en-us/restaurant/28573-0/menu?intcmp=yext-local:owned:order:OrderPickup:fwh-no-value-w2-2020:0:button:0:orderpickup:hu:local-v1&segment_code=0:None:None;fetch_failed:https://subway.com/en-us/restaurant/28573-0/menu:None:None;fetch_failed:https://subway.com/en-us/restaurant/28573-0/menu?intcmp=yext-local:owned:0:StartOrder:fwh-no-value-w2-2020:0:button:0:startorder:tn:local-v1&segment_code=0:None:None;fetch_failed:https://www.subway.com/en-us/menunutrition/menu:None:None;fetch_failed:https://www.subway.com/en-US/MenuNutrition/Nutrition/NutritionGrid:None:None;fetch_failed:https://www.subway.com/en-US/MenuNutrition/Menu:None:None;fetch_failed:https://www.subway.com/en-US/MenuNutrition/Nutrition:None:None
d715c681-66ee-40d5-b7c8-a81e83147c4c,golden-krust,Golden Krust,https://www.goldenkrust.com,1,5,
678e5783-1c1b-48d2-b461-b24aabe21393,dunkin,Dunkin',https://locations.dunkindonuts.com/en/ny/brooklyn/40-empire-blvd/337503,1,5,
e6115481-6f14-4717-82e9-5d7a1fbdb35c,frank-pepe-pizzeria-napoletana,Frank Pepe Pizzeria Napoletana,https://pepespizzeria.com/store/frank-pepes-new-haven,1,1,
33dc1bef-8e28-44a8-98de-f2260362c289,banh-mi-cafe,Banh Mi Cafe,https://www.banhmicafenyc.com/,1,1,
bd316764-b5d6-4604-b4e5-139c1ce8d106,popeyes,Popeyes,https://www.popeyes.com/store-locator/store/restaurant_82158,1,5,
dd3b60ea-69f6-4af2-9e98-2be5b1a7f787,subway,Subway,https://restaurants.subway.com/united-states/ny/new-york/64-delancey-street,1,5,fetch_failed:https://subway.com/en-us/restaurant/46653-0/menu/?intcmp=yext-local:owned:order:OrderPickup:fwh-no-value-w2-2020:0:button:0:orderpickup:hu:local-v1&segment_code=0:None:None;fetch_failed:https://subway.com/en-us/restaurant/46653-0/menu/:None:None;fetch_failed:https://subway.com/en-us/restaurant/46653-0/menu?intcmp=yext-local:owned:0:StartOrder:fwh-no-value-w2-2020:0:button:0:startorder:tn:local-v1&segment_code=0:None:None;fetch_failed:https://www.subway.com/en-us/menunutrition/menu:None:None;fetch_failed:https://subway.com/en-US/restaurant/46653-0/menu/category/1?intcmp=yext-local:owned:0:Breakfast:fwh-no-value-w2-2020:0:link:0:breakfast:c1u2:local-v1&segment_code=0:None:None;fetch_failed:https://www.subway.com/en-US/MenuNutrition/Nutrition/NutritionGrid:None:None;fetch_failed:https://www.subway.com/en-US/MenuNutrition/Menu:None:None;fetch_failed:https://www.subway.com/en-US/MenuNutrition/Nutrition:None:None
9e5957d5-1ef3-4ad6-85bf-b0c6e08d6263,chipotle,Chipotle,https://locations.chipotle.com/ny/brooklyn/774-broadway,1,5,
16b89bdb-90f4-4ab5-8f68-b01e61827472,move-with-grace,Move With Grace,https://www.movewithgrace.com,1,2,
fa70163d-fdd8-459d-a653-3ee4ceedf581,teriyaki-bowl,Teriyaki Bowl,https://www.tkbowl.com,1,1,
d642665f-754d-46f1-a945-f5a8782b14ad,subway,Subway,https://restaurants.subway.com/united-states/ny/brooklyn/6724-bay-parkway,1,5,fetch_failed:https://subway.com/en-us/restaurant/57180-0/menu/?intcmp=yext-local:owned:order:OrderPickup:fwh-no-value-w2-2020:0:button:0:orderpickup:hu:local-v1&segment_code=0:None:None;fetch_failed:https://subway.com/en-us/restaurant/57180-0/menu/:None:None;fetch_failed:https://subway.com/en-us/restaurant/57180-0/menu?intcmp=yext-local:owned:0:StartOrder:fwh-no-value-w2-2020:0:button:0:startorder:tn:local-v1&segment_code=0:None:None;fetch_failed:https://www.subway.com/en-us/menunutrition/menu:None:None;fetch_failed:https://subway.com/en-US/restaurant/57180-0/menu/category/1?intcmp=yext-local:owned:0:Breakfast:fwh-no-value-w2-2020:0:link:0:breakfast:c1u2:local-v1&segment_code=0:None:None;fetch_failed:https://www.subway.com/en-US/MenuNutrition/Nutrition/NutritionGrid:None:None;fetch_failed:https://www.subway.com/en-US/MenuNutrition/Menu:None:None;fetch_failed:https://www.subway.com/en-US/MenuNutrition/Nutrition:None:None
260e6702-8189-4a91-9085-694ef69a05cb,singas-famous-pizza,Singas Famous Pizza,https://singaspizzas.com,1,5,
4cb60e0f-6fe6-4319-a017-2e6bb814403a,impasto,Impasto,https://www.impastonyc.com/,0,0,homepage_unavailable:None:None
35ed9394-6a30-4377-80f6-00bc1438ba61,new-city,New City,https://brooklynnewcity.com,1,1,
80ef1576-f738-4f8b-a817-b97654adf0ad,pasha-pizza,Pasha Pizza,https://www.pashapp.com,1,1,fetch_failed:tel:3474350666:None:None
0a1e8488-f5a4-42a9-903f-d4a1aa060fa9,mcdonald-s,McDonald's,https://www.mcdonalds.com/us/en-us/location/1898.html,1,5,
c1d2707d-5a40-43ca-887e-b10783543611,juice-press,Juice Press,https://order.juicepress.com/park-slope/menu,1,5,
8e4ed7d8-f1cf-473f-81d6-dfddbb3b704d,dunkin,Dunkin',https://locations.dunkindonuts.com/en/ny/forest-hills/11716-queens-blvd/340294,1,5,
ce7e420f-5785-4d64-8bbe-bc96d1fafcab,dunkin,Dunkin',https://locations.dunkindonuts.com/en/ny/queens/6401-108th-st/362889,1,5,
da81d7d2-5fc6-4a80-a184-938557dce3a2,gyro-world,Gyro World,https://www.gyroworld.com/location/ridgewood,1,2,
319de038-72cd-44d7-8770-8b4cb3d0c2e3,sweetgreen,Sweetgreen,https://www.sweetgreen.com/,1,1,pdf_exception:https://assets.ctfassets.net/eum7w7yri3zr/76xImBzzZCnvVQ3pDtm9fg/08e451f6d46bb93af2f9694be7f77051/sg-Rosemary_Focaccia_partner.pdf:name 'convert_pdf_to_html' is not defined
c5a16ab7-3655-4f92-a6e0-506e2bebf9b0,subway,Subway,https://restaurants.subway.com/united-states/ny/brooklyn/5407-2nd-ave,1,5,fetch_failed:https://subway.com/en-us/restaurant/46685-0/menu?intcmp=yext-local:owned:order:OrderPickup:fwh-no-value-w2-2020:0:button:0:orderpickup:hu:local-v1&segment_code=0:None:None;fetch_failed:https://subway.com/en-us/restaurant/46685-0/menu:None:None;fetch_failed:https://subway.com/en-us/restaurant/46685-0/menu?intcmp=yext-local:owned:0:StartOrder:fwh-no-value-w2-2020:0:button:0:startorder:tn:local-v1&segment_code=0:None:None;fetch_failed:https://www.subway.com/en-us/menunutrition/menu:None:None;fetch_failed:https://subway.com/en-US/restaurant/46685-0/menu/category/1?intcmp=yext-local:owned:0:Breakfast:fwh-no-value-w2-2020:0:link:0:breakfast:c1u2:local-v1&segment_code=0:None:None;fetch_failed:https://www.subway.com/en-US/MenuNutrition/Nutrition/NutritionGrid:None:None;fetch_failed:https://www.subway.com/en-US/MenuNutrition/Menu:None:None;fetch_failed:https://www.subway.com/en-US/MenuNutrition/Nutrition:None:None
df7e62d2-a22e-4ad9-9667-f29cc9182864,brasserie-292,Brasserie 292,https://www.brasserie292.com/,1,3,
e1e26a7b-dcb6-402d-ba88-01ac4cd0fae7,slutty-vegan,Slutty Vegan,https://sluttyveganatl.com/brooklyn/,1,3,blocked_by_robots:https://www.facebook.com/sveganfoodtruck/
db80113d-8420-4db7-84fb-2903b6dd0d68,subway,Subway,https://restaurants.subway.com/united-states/nj/stanhope/90-us-highway-206,1,5,
aaf95d9a-da1b-4a6f-b26a-81a572c00fbf,oh-dumpling,Oh! Dumpling,https://ohdumplings.com,1,1,
d7ea99f2-d3e3-4c8d-9868-25cca00a6d6f,mcdonald-s,McDonald's,https://www.mcdonalds.com/us/en-us/location/25696.html,1,5,
5e7abe07-b45e-4b7a-9be6-1759c73226bd,giovanni-s-pizzeria,Giovanni's Pizzeria,https://www.giovannisoncolumbus.com,1,2,
eea5b582-2307-4896-9edf-7323b2c1604e,dunkin-donuts,Dunkin' Donuts,https://locations.dunkindonuts.com/en/nj/stanhope/25-us-hwy-206/302553,1,5,
8f7bd533-0637-4790-8592-73e17b965730,lucky-rabbit-noodles,Lucky Rabbit Noodles,luckyrabbitnoodles.com,0,0,homepage_unavailable:None:None
d2901381-59a1-4b12-bf4b-3fb8bb873cf7,chipotle,Chipotle,https://locations.chipotle.com/ny/new-york/9-w-42nd-st,1,5,
04e113ce-7540-414d-a0d7-01c86c96eb7f,dunkin,Dunkin',https://locations.dunkindonuts.com/en/ny/new-york/102-8th-ave/363004,1,5,
ca552b97-8e7c-44ca-849a-eedd4f04efe9,jollibee,Jollibee,https://locations.jollibeefoods.com/usa/ny/new-york/14-east-42nd-street,1,4,
7ca6bc60-5f05-4bfa-b62f-8dca76e5a772,shake-shack,Shake Shack,https://www.shakeshack.com/location/downtown-brooklyn/,1,1,
90a9f715-64fb-464e-8ebc-331e66690998,chipotle,Chipotle,https://locations.chipotle.com/ny/new-york/4009-broadway,1,5,
5e3ad31c-ea18-494e-aaaf-bed947099780,cw-chops-catch,CW Chops & Catch,http://chopsandcatch.com/,1,1,
960d4bc0-595c-407b-95f4-3bc9965f7895,village-fried-chicken,Village Fried Chicken,http://www.villagefriedchicken.com/,0,0,homepage_unavailable:None:None
daec84b2-caca-4791-bfbb-9f76cfcbf89c,mcdonald-s,McDonald's,https://www.mcdonalds.com/us/en-us/location/3095.html,1,5,
ce42620e-0469-4cbe-989d-28e60a074916,dunkin,Dunkin',https://locations.dunkindonuts.com/en/ny/new-york/4030-broadway/351620,1,5,
7e823563-972f-4ad2-8dd5-eeec8d3429c0,dunkin-donuts,Dunkin' Donuts,https://locations.dunkindonuts.com/en/nj/millburn/363-millburn-ave/310444,1,5,
fe80f742-8d9a-41df-9576-aa10405c7cd1,burger-king,Burger King,https://www.bk.com/store-locator/store/restaurant_4173,1,5,
563b03d2-ae01-4e2a-b5e1-5cffb8e38e86,panera-bread,Panera Bread,https://locations.panerabread.com/ny/brooklyn/345-adams-street.html,1,5,
9955cfc3-5198-4330-b86a-bab94c2ef470,panera-bread,Panera Bread,https://locations.panerabread.com/nj/millburn/722-morris-turnpike.html,1,5,
85f824da-9516-40a7-a870-dc4a66aef4ea,subway,Subway,https://restaurants.subway.com/united-states/ny/brooklyn/528a-clarkson-ave,1,5,fetch_failed:https://subway.com/en-us/restaurant/49183-0/menu?intcmp=yext-local:owned:order:OrderPickup:fwh-no-value-w2-2020:0:button:0:orderpickup:hu:local-v1&segment_code=0:None:None;fetch_failed:https://subway.com/en-us/restaurant/49183-0/menu:None:None;fetch_failed:https://subway.com/en-us/restaurant/49183-0/menu?intcmp=yext-local:owned:0:StartOrder:fwh-no-value-w2-2020:0:button:0:startorder:tn:local-v1&segment_code=0:None:None;fetch_failed:https://www.subway.com/en-us/menunutrition/menu:None:None;fetch_failed:https://subway.com/en-US/restaurant/49183-0/menu/category/1?intcmp=yext-local:owned:0:Breakfast:fwh-no-value-w2-2020:0:link:0:breakfast:c1u2:local-v1&segment_code=0:None:None;fetch_failed:https://www.subway.com/en-US/MenuNutrition/Nutrition/NutritionGrid:None:None;fetch_failed:https://www.subway.com/en-US/MenuNutrition/Menu:None:None;fetch_failed:https://www.subway.com/en-US/MenuNutrition/Nutrition:None:None
a5ce475b-dc4f-4147-b52d-7438676190a8,subway,Subway,https://restaurants.subway.com/united-states/ny/brooklyn/2011-church-ave,1,5,fetch_failed:https://subway.com/en-us/restaurant/47641-0/menu/?intcmp=yext-local:owned:order:OrderPickup:fwh-no-value-w2-2020:0:button:0:orderpickup:hu:local-v1&segment_code=0:None:None;fetch_failed:https://subway.com/en-us/restaurant/47641-0/menu/:None:None;fetch_failed:https://subway.com/en-us/restaurant/47641-0/menu?intcmp=yext-local:owned:0:StartOrder:fwh-no-value-w2-2020:0:button:0:startorder:tn:local-v1&segment_code=0:None:None;fetch_failed:https://www.subway.com/en-us/menunutrition/menu:None:None;fetch_failed:https://subway.com/en-US/restaurant/47641-0/menu/category/1?intcmp=yext-local:owned:0:Breakfast:fwh-no-value-w2-2020:0:link:0:breakfast:c1u2:local-v1&segment_code=0:None:None;fetch_failed:https://www.subway.com/en-US/MenuNutrition/Nutrition/NutritionGrid:None:None;fetch_failed:https://www.subway.com/en-US/MenuNutrition/Menu:None:None;fetch_failed:https://www.subway.com/en-US/MenuNutrition/Nutrition:None:None
4621c919-883b-4f14-a01d-6a73aeec5a75,subway,Subway,https://restaurants.subway.com/united-states/ny/new-york/334-grand-street,1,5,fetch_failed:https://subway.com/en-us/restaurant/46931-0/menu?intcmp=yext-local:owned:order:OrderPickup:fwh-no-value-w2-2020:0:button:0:orderpickup:hu:local-v1&segment_code=0:None:None;fetch_failed:https://subway.com/en-us/restaurant/46931-0/menu:None:None;fetch_failed:https://subway.com/en-us/restaurant/46931-0/menu?intcmp=yext-local:owned:0:StartOrder:fwh-no-value-w2-2020:0:button:0:startorder:tn:local-v1&segment_code=0:None:None;fetch_failed:https://www.subway.com/en-us/menunutrition/menu:None:None;fetch_failed:https://www.subway.com/en-US/MenuNutrition/Nutrition/NutritionGrid:None:None;fetch_failed:https://www.subway.com/en-US/MenuNutrition/Menu:None:None;fetch_failed:https://www.subway.com/en-US/MenuNutrition/Nutrition:None:None
6c362e74-1895-4ca0-a3a1-6ec841fcfc4c,subway,Subway,https://restaurants.subway.com/united-states/ny/forest-hills/100-21-queens-blvd,1,5,fetch_failed:https://subway.com/en-us/restaurant/18410-0/menu?intcmp=yext-local:owned:order:OrderPickup:fwh-no-value-w2-2020:0:button:0:orderpickup:hu:local-v1&segment_code=0:None:None;fetch_failed:https://subway.com/en-us/restaurant/18410-0/menu:None:None;fetch_failed:https://subway.com/en-us/restaurant/18410-0/menu?intcmp=yext-local:owned:0:StartOrder:fwh-no-value-w2-2020:0:button:0:startorder:tn:local-v1&segment_code=0:None:None;fetch_failed:https://www.subway.com/en-us/menunutrition/menu:None:None;fetch_failed:https://www.subway.com/en-US/MenuNutrition/Nutrition/NutritionGrid:None:None;fetch_failed:https://www.subway.com/en-US/MenuNutrition/Menu:None:None;fetch_failed:https://www.subway.com/en-US/MenuNutrition/Nutrition:None:None
b1cad700-c330-4a4a-881a-7e2cfa5fe2f8,subway,Subway,https://restaurants.subway.com/united-states/ny/new-york/600-w-139th-street,1,5,fetch_failed:https://subway.com/en-us/restaurant/27303-0/menu/?intcmp=yext-local:owned:order:OrderPickup:fwh-no-value-w2-2020:0:button:0:orderpickup:hu:local-v1&segment_code=0:None:None;fetch_failed:https://subway.com/en-us/restaurant/27303-0/menu/:None:None;fetch_failed:https://subway.com/en-us/restaurant/27303-0/menu?intcmp=yext-local:owned:0:StartOrder:fwh-no-value-w2-2020:0:button:0:startorder:tn:local-v1&segment_code=0:None:None;fetch_failed:https://www.subway.com/en-us/menunutrition/menu:None:None;fetch_failed:https://subway.com/en-US/restaurant/27303-0/menu/category/1?intcmp=yext-local:owned:0:Breakfast:fwh-no-value-w2-2020:0:link:0:breakfast:c1u2:local-v1&segment_code=0:None:None;fetch_failed:https://www.subway.com/en-US/MenuNutrition/Nutrition/NutritionGrid:None:None;fetch_failed:https://www.subway.com/en-US/MenuNutrition/Menu:None:None;fetch_failed:https://www.subway.com/en-US/MenuNutrition/Nutrition:None:None
